<?xml version="1.0"?>
<informacion>
	<bitacora>
	</bitacora>
	<codigo>
		<registro>
			<id_codigo>1</id_codigo>
			<descripcion_cod>412</descripcion_cod>
			<status_codigo>1</status_codigo>
		</registro>
		<registro>
			<id_codigo>2</id_codigo>
			<descripcion_cod>426</descripcion_cod>
			<status_codigo>1</status_codigo>
		</registro>
	</codigo>
	<departamento>
	</departamento>
	<dones>
	</dones>
	<estado>
		<registro>
			<id_estado>1</id_estado>
			<codigo_cne_estado>20</codigo_cne_estado>
			<nombre_estado>YARACUY</nombre_estado>
			<status_estado>1</status_estado>
		</registro>
		<registro>
			<id_estado>3</id_estado>
			<codigo_cne_estado>23</codigo_cne_estado>
			<nombre_estado>ZULIA</nombre_estado>
			<status_estado>1</status_estado>
		</registro>
		<registro>
			<id_estado>4</id_estado>
			<codigo_cne_estado>19</codigo_cne_estado>
			<nombre_estado>AMAZONAS</nombre_estado>
			<status_estado>1</status_estado>
		</registro>
		<registro>
			<id_estado>6</id_estado>
			<codigo_cne_estado>02</codigo_cne_estado>
			<nombre_estado>BARINAS</nombre_estado>
			<status_estado>1</status_estado>
		</registro>
		<registro>
			<id_estado>7</id_estado>
			<codigo_cne_estado>03</codigo_cne_estado>
			<nombre_estado>APURE</nombre_estado>
			<status_estado>1</status_estado>
		</registro>
		<registro>
			<id_estado>10</id_estado>
			<codigo_cne_estado>10</codigo_cne_estado>
			<nombre_estado>ANZOATEGUI</nombre_estado>
			<status_estado>1</status_estado>
		</registro>
		<registro>
			<id_estado>11</id_estado>
			<codigo_cne_estado>5</codigo_cne_estado>
			<nombre_estado>FALCON</nombre_estado>
			<status_estado>1</status_estado>
		</registro>
		<registro>
			<id_estado>12</id_estado>
			<codigo_cne_estado>14</codigo_cne_estado>
			<nombre_estado>ARAGUA</nombre_estado>
			<status_estado>1</status_estado>
		</registro>
		<registro>
			<id_estado>13</id_estado>
			<codigo_cne_estado></codigo_cne_estado>
			<nombre_estado></nombre_estado>
			<status_estado>1</status_estado>
		</registro>
	</estado>
	<estado_civil>
		<registro>
			<id_estado_civil>1</id_estado_civil>
			<descripcion_estado_civil>SOLTERO (A) </descripcion_estado_civil>
			<status_estado_civil>1</status_estado_civil>
		</registro>
	</estado_civil>
	<foto_perfil>
		<registro>
			<id_foto>1</id_foto>
			<ruta>foto_perfil/perfil-1-1.png</ruta>
			<id_usuario>1</id_usuario>
			<status_foto>1</status_foto>
		</registro>
	</foto_perfil>
	<grupo_pequeno>
	</grupo_pequeno>
	<iglesia>
	</iglesia>
	<ministerio>
	</ministerio>
	<municipio>
		<registro>
			<id_municipio>1</id_municipio>
			<codigo_cne_municipio>1</codigo_cne_municipio>
			<nombre_municipio>ARISTIDES BASTIDAS</nombre_municipio>
			<status_municipio>1</status_municipio>
			<id_estado>1</id_estado>
		</registro>
		<registro>
			<id_municipio>5</id_municipio>
			<codigo_cne_municipio>13</codigo_cne_municipio>
			<nombre_municipio>BOLIVAR</nombre_municipio>
			<status_municipio>1</status_municipio>
			<id_estado>1</id_estado>
		</registro>
	</municipio>
	<parroquia>
		<registro>
			<id_parroquia>1</id_parroquia>
			<codigo_cne_parroquia>10</codigo_cne_parroquia>
			<nombre_parroquia>SAN PABLO</nombre_parroquia>
			<status_parroquia>1</status_parroquia>
			<id_municipio>1</id_municipio>
		</registro>
		<registro>
			<id_parroquia>2</id_parroquia>
			<codigo_cne_parroquia>02</codigo_cne_parroquia>
			<nombre_parroquia>AROA</nombre_parroquia>
			<status_parroquia>1</status_parroquia>
			<id_municipio>5</id_municipio>
		</registro>
		<registro>
			<id_parroquia>4</id_parroquia>
			<codigo_cne_parroquia>03</codigo_cne_parroquia>
			<nombre_parroquia>AROA2</nombre_parroquia>
			<status_parroquia>1</status_parroquia>
			<id_municipio>5</id_municipio>
		</registro>
		<registro>
			<id_parroquia>5</id_parroquia>
			<codigo_cne_parroquia>04</codigo_cne_parroquia>
			<nombre_parroquia>AROA3</nombre_parroquia>
			<status_parroquia>1</status_parroquia>
			<id_municipio>5</id_municipio>
		</registro>
	</parroquia>
	<persona>
		<registro>
			<id_persona>1</id_persona>
			<cedula>23573119</cedula>
			<nombres>JUAN CARLOS</nombres>
			<apellidos>GARCÍA</apellidos>
			<sexo>M</sexo>
			<fecha_nac>1995-05-28</fecha_nac>
			<direccion_per>CALLE PRINCIPAL FRENTE A LA PLAZA</direccion_per>
			<correo>juanc.iuty@gmail.com</correo>
			<status_persona>1</status_persona>
			<id_profesion>1</id_profesion>
			<id_estado_civil>1</id_estado_civil>
			<id_sector>1</id_sector>
		</registro>
	</persona>
	<persona_tlfns>
	</persona_tlfns>
	<pregunta_seguridad>
		<registro>
			<id_pregunta>1</id_pregunta>
			<descripcion_pregunta>¿COLOR FAVORITO?</descripcion_pregunta>
		</registro>
	</pregunta_seguridad>
	<profesion_ocupacion>
		<registro>
			<id_profesion>1</id_profesion>
			<descripcion_prof>ESTUDIANTE</descripcion_prof>
			<status_profesion>1</status_profesion>
		</registro>
	</profesion_ocupacion>
	<recurso>
	</recurso>
	<sector>
		<registro>
			<id_sector>1</id_sector>
			<codigo_cne_sector>100</codigo_cne_sector>
			<nombre_sector>LA GOTERA</nombre_sector>
			<status_sector>1</status_sector>
			<id_parroquia>1</id_parroquia>
		</registro>
	</sector>
	<telefono>
	</telefono>
	<usuario>
		<registro>
			<id_usuario>1</id_usuario>
			<nombre_usuario>JUANGARCIA</nombre_usuario>
			<clave>23573119</clave>
			<status_usuario>1</status_usuario>
			<respuesta_seguridad>AZUL</respuesta_seguridad>
			<id_pregunta>1</id_pregunta>
			<cedula>23573119</cedula>
		</registro>
	</usuario>
</informacion>